year,link
2004,https://web.archive.org/web/20040410192648/http://www.ecti.or.th/~ecti-con2004/MainPage.html
2005,https://web.archive.org/web/20041012155355/http://www.ecti.or.th/~ecti-con2005/MainPage.html
2006,https://web.archive.org/web/20060419164103/http://www.ecti.or.th/ecticon2006_files/MainPage.htm
2007,https://ieeexplore.ieee.org/xpl/conhome/1002406/all-proceedings
2008,https://web.archive.org/web/20071213002454/http://www.ecticon2008.org/
2009,http://ecticon2009.ecticon.org/
2010,http://ecticon2010.ecticon.org/
2011,http://ecticon2011.ecticon.org/
2012,http://ecticon2012.ecticon.org/content/
2013,http://ecticon2013.ecticon.org/content/
2014,http://ecticon2014.ecticon.org/content/
2015,http://ecticon2015.ecticon.org/content/
2016,http://ecticon2016.ecticon.org/
2017,http://www.ecti-con.org/con-2017/
2018,http://www.ecti-con.org/con-2018/
2019,https://ecticon2019.ecticon.org/
2020,http://ecticon2020.ecticon.org/
2021,https://ecticon2021.ecticon.org/
2022,https://ecti-con2022.org/
2023,https://ecti-thailand.org/ecti-con2023/
2024,https://ecti-con2024.kku.ac.th/
2025,https://ecti-con2025.eng.chula.ac.th/
2026,https://eng.buu.ac.th/ecti-con2026/
